image,det_id,class_id,class_name,score,x1,y1,x2,y2,top_left_x,top_left_y,top_left_conf,top_right_x,top_right_y,top_right_conf,mid_left_x,mid_left_y,mid_left_conf,mid_right_x,mid_right_y,mid_right_conf,middle_left_x,middle_left_y,middle_left_conf,middle_right_x,middle_right_y,middle_right_conf,bottom_tip_x,bottom_tip_y,bottom_tip_conf,bottom_left_x,bottom_left_y,bottom_left_conf,bottom_right_x,bottom_right_y,bottom_right_conf,joint_center_x,joint_center_y,joint_center_conf
yolo_dataset/images/val/data_folder1_multi_T1_NH5_000038.png,0,1,needle_holder,0.8879445195198059,132.47036743164062,0.0,301.4622497558594,209.09597778320312,0.0,0.0,0.00033979961881414056,0.0,0.0,0.0006989160901866853,0.0,0.0,1.0721776561695151e-05,0.0,0.0,4.769133374793455e-05,210.52944946289062,53.103572845458984,0.9997418522834778,266.2480163574219,83.58926391601562,0.999267041683197,0.0,0.0,5.321498974808492e-06,132.17745971679688,93.70654296875,0.9987154006958008,299.9174499511719,172.82229614257812,0.9847798943519592,0.0,0.0,0.019130736589431763
yolo_dataset/images/val/data_folder1_multi_T1_NH5_000038.png,1,0,tweezers,0.8346613049507141,728.2974853515625,230.1339111328125,766.67626953125,456.9429016113281,756.212890625,259.80560302734375,0.9941856265068054,760.936279296875,262.576416015625,0.9891567230224609,746.755126953125,330.33624267578125,0.999987006187439,752.765380859375,330.96173095703125,0.9999797344207764,0.0,0.0,0.00021819461835548282,0.0,0.0,2.1756699425168335e-05,733.7471923828125,445.80712890625,0.971510112285614,0.0,0.0,0.0009043510654009879,0.0,0.0,5.465329650178319e-06,0.0,0.0,6.101897088228725e-05
